gene_id	gene_symbol	description	scientific_name	common_name	tax_id	genomic_range	orientation	location	gene_type	transcript_accession	transcript_name	transcript_length	transcript_cds_coords	protein_accession	isoform_name	protein_length	protein_name
3772382	Plp	Pericentrin-like protein	Drosophila melanogaster	fruit fly	7227	NT_037436.4:15066081-15094724	-	chr 3L	PROTEIN_CODING	NM_001274935.2		9225	NM_001274935.2:850-8634	NP_001261864.1	isoform M [Drosophila melanogaster]	2594	Pericentrin-like protein, isoform M
3772382	Plp	Pericentrin-like protein	Drosophila melanogaster	fruit fly	7227	NT_037436.4:15066081-15094724	-	chr 3L	PROTEIN_CODING	NM_001274936.1		9233	NM_001274936.1:850-8802	NP_001261865.1	isoform N [Drosophila melanogaster]	2650	Pericentrin-like protein, isoform N
3772382	Plp	Pericentrin-like protein	Drosophila melanogaster	fruit fly	7227	NT_037436.4:15066081-15094724	-	chr 3L	PROTEIN_CODING	NM_001274932.1		9281	NM_001274932.1:850-8850	NP_001261861.1	isoform J [Drosophila melanogaster]	2666	Pericentrin-like protein, isoform J
3772382	Plp	Pericentrin-like protein	Drosophila melanogaster	fruit fly	7227	NT_037436.4:15066081-15094724	-	chr 3L	PROTEIN_CODING	NM_001259833.2		9473	NM_001259833.2:850-9042	NP_001246762.2	isoform P [Drosophila melanogaster]	2730	Pericentrin-like protein, isoform P
3772382	Plp	Pericentrin-like protein	Drosophila melanogaster	fruit fly	7227	NT_037436.4:15066081-15094724	-	chr 3L	PROTEIN_CODING	NM_001259832.1		9110	NM_001259832.1:376-8679	NP_001246761.1	isoform D [Drosophila melanogaster]	2767	Pericentrin-like protein, isoform D
3772382	Plp	Pericentrin-like protein	Drosophila melanogaster	fruit fly	7227	NT_037436.4:15066081-15094724	-	chr 3L	PROTEIN_CODING	NM_001274933.1		9302	NM_001274933.1:376-8871	NP_001261862.1	isoform K [Drosophila melanogaster]	2831	Pericentrin-like protein, isoform K
3772382	Plp	Pericentrin-like protein	Drosophila melanogaster	fruit fly	7227	NT_037436.4:15066081-15094724	-	chr 3L	PROTEIN_CODING	NM_001274934.1		9326	NM_001274934.1:376-8895	NP_001261863.1	isoform L [Drosophila melanogaster]	2839	Pericentrin-like protein, isoform L
3772382	Plp	Pericentrin-like protein	Drosophila melanogaster	fruit fly	7227	NT_037436.4:15066081-15094724	-	chr 3L	PROTEIN_CODING	NM_001032402.2		9494	NM_001032402.2:376-9063	NP_001027574.2	isoform F [Drosophila melanogaster]	2895	Pericentrin-like protein, isoform F
3772382	Plp	Pericentrin-like protein	Drosophila melanogaster	fruit fly	7227	NT_037436.4:15066081-15094724	-	chr 3L	PROTEIN_CODING	NM_001274930.1		9335	NM_001274930.1:229-8904	NP_001261859.1	isoform G [Drosophila melanogaster]	2891	Pericentrin-like protein, isoform G
3772382	Plp	Pericentrin-like protein	Drosophila melanogaster	fruit fly	7227	NT_037436.4:15066081-15094724	-	chr 3L	PROTEIN_CODING	NM_001274937.1		6007	NM_001274937.1:471-5576	NP_001261866.1	isoform O [Drosophila melanogaster]	1701	Pericentrin-like protein, isoform O
3772382	Plp	Pericentrin-like protein	Drosophila melanogaster	fruit fly	7227	NT_037436.4:15066081-15094724	-	chr 3L	PROTEIN_CODING	NM_001274931.1		6175	NM_001274931.1:471-5744	NP_001261860.1	isoform H [Drosophila melanogaster]	1757	Pericentrin-like protein, isoform H
3772382	Plp	Pericentrin-like protein	Drosophila melanogaster	fruit fly	7227	NT_037436.4:15066081-15094724	-	chr 3L	PROTEIN_CODING	NM_001032401.1		3879	NM_001032401.1:119-3448	NP_001027573.1	isoform C [Drosophila melanogaster]	1109	Pericentrin-like protein, isoform C
