gene_id	gene_symbol	description	scientific_name	common_name	tax_id	genomic_range	orientation	location	gene_type	transcript_accession	transcript_name	transcript_length	transcript_cds_coords	protein_accession	isoform_name	protein_length	protein_name
36627	Adgf-E	Adenosine deaminase-related growth factor E	Drosophila melanogaster	fruit fly	7227	NT_033778.4:14656798-14658755	-	chr 2R	PROTEIN_CODING	NM_137133.2		1791	NM_137133.2:91-1710	NP_610977.1		539	adenosine deaminase-related growth factor E
39975	Adgf-B	Adenosine deaminase-related growth factor B	Drosophila melanogaster	fruit fly	7227	NT_037436.4:17748833-17750588	-	chr 3L	PROTEIN_CODING	NM_140749.2		1694	NM_140749.2:96-1658	NP_649006.2		520	adenosine deaminase-related growth factor B
39976	Adgf-A	Adenosine deaminase-related growth factor A	Drosophila melanogaster	fruit fly	7227	NT_037436.4:17751731-17764158	-	chr 3L	PROTEIN_CODING	NM_206397.2		2584	NM_206397.2:201-1862	NP_996119.1	isoform B [Drosophila melanogaster]	553	adenosine deaminase-related growth factor A, isoform B
39976	Adgf-A	Adenosine deaminase-related growth factor A	Drosophila melanogaster	fruit fly	7227	NT_037436.4:17751731-17764158	-	chr 3L	PROTEIN_CODING	NM_079406.3		2588	NM_079406.3:205-1866	NP_524130.1	isoform A [Drosophila melanogaster]	553	adenosine deaminase-related growth factor A, isoform A
41679	Adgf-D	Adenosine deaminase-related growth factor D	Drosophila melanogaster	fruit fly	7227	NT_033777.3:13703084-13705402	-	chr 3R	PROTEIN_CODING	NM_079621.3		1613	NM_079621.3:76-1584	NP_524345.2		502	adenosine deaminase-related growth factor D
41680	Adgf-C	Adenosine deaminase-related growth factor C	Drosophila melanogaster	fruit fly	7227	NT_033777.3:13706757-13709129	+	chr 3R	PROTEIN_CODING	NM_142051.3		1737	NM_142051.3:178-1698	NP_650308.3		506	adenosine deaminase-related growth factor C
64879	Adgf-A2	Adenosine deaminase-related growth factor A2	Drosophila melanogaster	fruit fly	7227	NT_037436.4:17754936-17764158	-	chr 3L	PROTEIN_CODING	NM_001043148.2		1794	NM_001043148.2:134-1762	NP_001036613.1	isoform C [Drosophila melanogaster]	542	adenosine deaminase-related growth factor A2, isoform C
64879	Adgf-A2	Adenosine deaminase-related growth factor A2	Drosophila melanogaster	fruit fly	7227	NT_037436.4:17754936-17764158	-	chr 3L	PROTEIN_CODING	NM_001043147.2		1800	NM_001043147.2:140-1768	NP_001036612.1	isoform B [Drosophila melanogaster]	542	adenosine deaminase-related growth factor A2, isoform B
64879	Adgf-A2	Adenosine deaminase-related growth factor A2	Drosophila melanogaster	fruit fly	7227	NT_037436.4:17754936-17764158	-	chr 3L	PROTEIN_CODING	NM_080281.3		1814	NM_080281.3:97-1782	NP_525020.2	isoform A [Drosophila melanogaster]	561	adenosine deaminase-related growth factor A2, isoform A
