gene_id	gene_symbol	description	scientific_name	common_name	tax_id	genomic_range	orientation	location	gene_type	transcript_accession	transcript_name	transcript_length	transcript_cds_coords	protein_accession	isoform_name	protein_length	protein_name
5155	PDGFB	platelet derived growth factor subunit B	Homo sapiens	human	9606	NC_000022.11:39223359-39244982;NC_060946.1:39694033-39715652	-;-	chr 22	PROTEIN_CODING	NM_002608.4	transcript variant 1	3728	NM_002608.4:1020-1745	NP_002599.1	isoform 1 preproprotein	241	platelet-derived growth factor subunit B
5155	PDGFB	platelet derived growth factor subunit B	Homo sapiens	human	9606	NC_000022.11:39223359-39244982;NC_060946.1:39694033-39715652	-;-	chr 22	PROTEIN_CODING	XM_047441394.1	transcript variant X2	3656	XM_047441394.1:1041-1673	XP_047297350.1	isoform X1	210	platelet-derived growth factor subunit B
5155	PDGFB	platelet derived growth factor subunit B	Homo sapiens	human	9606	NC_000022.11:39223359-39244982;NC_060946.1:39694033-39715652	-;-	chr 22	PROTEIN_CODING	XM_047441393.1	transcript variant X1	2761	XM_047441393.1:146-778	XP_047297349.1	isoform X1	210	platelet-derived growth factor subunit B
5155	PDGFB	platelet derived growth factor subunit B	Homo sapiens	human	9606	NC_000022.11:39223359-39244982;NC_060946.1:39694033-39715652	-;-	chr 22	PROTEIN_CODING	NM_033016.3	transcript variant 2	2701	NM_033016.3:38-718	NP_148937.1	isoform 2	226	platelet-derived growth factor subunit B
5155	PDGFB	platelet derived growth factor subunit B	Homo sapiens	human	9606	NC_000022.11:39223359-39244982;NC_060946.1:39694033-39715652	-;-	chr 22	PROTEIN_CODING	XM_054325676.1	transcript variant X2	3568	XM_054325676.1:953-1585	XP_054181651.1	isoform X1	210	platelet-derived growth factor subunit B
5155	PDGFB	platelet derived growth factor subunit B	Homo sapiens	human	9606	NC_000022.11:39223359-39244982;NC_060946.1:39694033-39715652	-;-	chr 22	PROTEIN_CODING	XM_054325675.1	transcript variant X1	2761	XM_054325675.1:146-778	XP_054181650.1	isoform X1	210	platelet-derived growth factor subunit B
