gene_id	gene_symbol	description	scientific_name	common_name	tax_id	genomic_range	orientation	location	gene_type	transcript_accession	transcript_name	transcript_length	transcript_cds_coords	protein_accession	isoform_name	protein_length	protein_name
32876	Pvf1	PDGF- and VEGF-related factor 1	Drosophila melanogaster	fruit fly	7227	NC_004354.4:18832682-18842901	+	chr X	PROTEIN_CODING	NM_001298486.1		2783	NM_001298486.1:328-1230	NP_001285415.1	isoform C [Drosophila melanogaster]	300	PDGF- and VEGF-related factor 1, isoform C
32876	Pvf1	PDGF- and VEGF-related factor 1	Drosophila melanogaster	fruit fly	7227	NC_004354.4:18832682-18842901	+	chr X	PROTEIN_CODING	NM_078683.3		1896	NM_078683.3:328-1305	NP_523407.1	isoform A [Drosophila melanogaster]	325	PDGF- and VEGF-related factor 1, isoform A
32876	Pvf1	PDGF- and VEGF-related factor 1	Drosophila melanogaster	fruit fly	7227	NC_004354.4:18832682-18842901	+	chr X	PROTEIN_CODING	NM_001169321.2		1804	NM_001169321.2:269-1213	NP_001162792.1	isoform B [Drosophila melanogaster]	314	PDGF- and VEGF-related factor 1, isoform B
5155	PDGFB	platelet derived growth factor subunit B	Homo sapiens	human	9606	NC_000022.11:39223359-39244982;NC_060946.1:39694033-39715652	-;-	chr 22	PROTEIN_CODING	NM_002608.4	transcript variant 1	3728	NM_002608.4:1020-1745	NP_002599.1	isoform 1 preproprotein	241	platelet-derived growth factor subunit B
5155	PDGFB	platelet derived growth factor subunit B	Homo sapiens	human	9606	NC_000022.11:39223359-39244982;NC_060946.1:39694033-39715652	-;-	chr 22	PROTEIN_CODING	XM_047441394.1	transcript variant X2	3656	XM_047441394.1:1041-1673	XP_047297350.1	isoform X1	210	platelet-derived growth factor subunit B
5155	PDGFB	platelet derived growth factor subunit B	Homo sapiens	human	9606	NC_000022.11:39223359-39244982;NC_060946.1:39694033-39715652	-;-	chr 22	PROTEIN_CODING	XM_047441393.1	transcript variant X1	2761	XM_047441393.1:146-778	XP_047297349.1	isoform X1	210	platelet-derived growth factor subunit B
5155	PDGFB	platelet derived growth factor subunit B	Homo sapiens	human	9606	NC_000022.11:39223359-39244982;NC_060946.1:39694033-39715652	-;-	chr 22	PROTEIN_CODING	NM_033016.3	transcript variant 2	2701	NM_033016.3:38-718	NP_148937.1	isoform 2	226	platelet-derived growth factor subunit B
5155	PDGFB	platelet derived growth factor subunit B	Homo sapiens	human	9606	NC_000022.11:39223359-39244982;NC_060946.1:39694033-39715652	-;-	chr 22	PROTEIN_CODING	XM_054325676.1	transcript variant X2	3568	XM_054325676.1:953-1585	XP_054181651.1	isoform X1	210	platelet-derived growth factor subunit B
5155	PDGFB	platelet derived growth factor subunit B	Homo sapiens	human	9606	NC_000022.11:39223359-39244982;NC_060946.1:39694033-39715652	-;-	chr 22	PROTEIN_CODING	XM_054325675.1	transcript variant X1	2761	XM_054325675.1:146-778	XP_054181650.1	isoform X1	210	platelet-derived growth factor subunit B
